context,prefix,namespace,status
w3id,00,https://w3id.org/00/,canonical
w3id,0x1,https://w3id.org/0x1/,canonical
w3id,303,https://w3id.org/303/,canonical
w3id,360-sfs,https://w3id.org/360-sfs/,canonical
w3id,3rs,https://w3id.org/3rs/,canonical
w3id,43met,https://w3id.org/43met/,canonical
w3id,5s-crate,https://w3id.org/5s-crate/,canonical
w3id,67375,https://w3id.org/67375/,canonical
w3id,a2a-fair-metrics,https://w3id.org/a2a-fair-metrics/,canonical
w3id,abdn,https://w3id.org/abdn/,canonical
w3id,abecto,https://w3id.org/abecto/,canonical
w3id,ac-ontology,https://w3id.org/ac-ontology/,canonical
w3id,AcademIS,https://w3id.org/AcademIS/,canonical
w3id,acdp,https://w3id.org/acdp/,canonical
w3id,acka47,https://w3id.org/acka47/,canonical
w3id,acnp,https://w3id.org/acnp/,canonical
w3id,acordar-2,https://w3id.org/acordar-2/,canonical
w3id,actionizekb,https://w3id.org/actionizekb/,canonical
w3id,activity-streams,https://w3id.org/activity-streams/,canonical
w3id,activityanchors,https://w3id.org/activityanchors/,canonical
w3id,ad4gd,https://w3id.org/ad4gd/,canonical
w3id,ADHD-KG,https://w3id.org/ADHD-KG/,canonical
w3id,adso,https://w3id.org/adso/,canonical
w3id,AEOLUSsmartApi,https://w3id.org/AEOLUSsmartApi/,canonical
w3id,aerOS,https://w3id.org/aerOS/,canonical
w3id,afarcloud,https://w3id.org/afarcloud/,canonical
w3id,affectedBy,https://w3id.org/affectedBy/,canonical
w3id,afo,https://w3id.org/afo/,canonical
w3id,age,https://w3id.org/age/,canonical
w3id,agile-dm,https://w3id.org/agile-dm/,canonical
w3id,agrochemicals-ontology,https://w3id.org/agrochemicals-ontology/,canonical
w3id,aho,https://w3id.org/aho/,canonical
w3id,ahso,https://w3id.org/ahso/,canonical
w3id,aicat,https://w3id.org/aicat/,canonical
w3id,aida,https://w3id.org/aida/,canonical
w3id,aidgo,https://w3id.org/aidgo/,canonical
w3id,aikg,https://w3id.org/aikg/,canonical
w3id,aimaix,https://w3id.org/aimaix/,canonical
w3id,aio,https://w3id.org/aio/,canonical
w3id,aipo,https://w3id.org/aipo/,canonical
w3id,airiv,https://w3id.org/airiv/,canonical
w3id,airm-o,https://w3id.org/airm-o/,canonical
w3id,airo,https://w3id.org/airo/,canonical
w3id,aiup,https://w3id.org/aiup/,canonical
w3id,aix,https://w3id.org/aix/,canonical
w3id,akflora,https://w3id.org/akflora/,canonical
w3id,akn,https://w3id.org/akn/,canonical
w3id,aktivgraph,https://w3id.org/aktivgraph/,canonical
w3id,alkis,https://w3id.org/alkis/,canonical
w3id,AlmesCore,https://w3id.org/AlmesCore/,canonical
w3id,als-telemonitoring,https://w3id.org/als-telemonitoring/,canonical
w3id,AmIFAIR,https://w3id.org/AmIFAIR/,canonical
w3id,amlo,https://w3id.org/amlo/,canonical
w3id,ammo,https://w3id.org/ammo/,canonical
w3id,amv,https://w3id.org/amv/,canonical
w3id,annett-o,https://w3id.org/annett-o/,canonical
w3id,aoi,https://w3id.org/aoi/,canonical
w3id,APD,https://w3id.org/APD/,canonical
w3id,apn,https://w3id.org/apn/,canonical
w3id,APTO,https://w3id.org/APTO/,canonical
w3id,aqfo,https://w3id.org/aqfo/,canonical
w3id,arco,https://w3id.org/arco/,canonical
w3id,ardo,https://w3id.org/ardo/,canonical
w3id,ARK,https://w3id.org/ARK/,canonical
w3id,arkid,https://w3id.org/arkid/,canonical
w3id,arm,https://w3id.org/arm/,canonical
w3id,arp,https://w3id.org/arp/,canonical
w3id,art,https://w3id.org/art/,canonical
w3id,arto,https://w3id.org/arto/,canonical
w3id,aruna,https://w3id.org/aruna/,canonical
w3id,asbingowl,https://w3id.org/asbingowl/,canonical
w3id,asdkb,https://w3id.org/asdkb/,canonical
w3id,asfe,https://w3id.org/asfe/,canonical
w3id,asset,https://w3id.org/asset/,canonical
w3id,asset-tool,https://w3id.org/asset-tool/,canonical
w3id,assets,https://w3id.org/assets/,canonical
w3id,associations,https://w3id.org/associations/,canonical
w3id,asx,https://w3id.org/asx/,canonical
w3id,atomgraph,https://w3id.org/atomgraph/,canonical
w3id,aufx,https://w3id.org/aufx/,canonical
w3id,auscope-geochemistry-network,https://w3id.org/auscope-geochemistry-network/,canonical
w3id,AWARE,https://w3id.org/AWARE/,canonical
w3id,awslabs,https://w3id.org/awslabs/,canonical
w3id,axone,https://w3id.org/axone/,canonical
w3id,BadmintONTO,https://w3id.org/BadmintONTO/,canonical
w3id,baf,https://w3id.org/baf/,canonical
w3id,basyx,https://w3id.org/basyx/,canonical
w3id,battinfo,https://w3id.org/battinfo/,canonical
w3id,bbs,https://w3id.org/bbs/,canonical
w3id,BCI-ontology,https://w3id.org/BCI-ontology/,canonical
w3id,bcom,https://w3id.org/bcom/,canonical
w3id,bctt,https://w3id.org/bctt/,canonical
w3id,bearchaeo,https://w3id.org/bearchaeo/,canonical
w3id,beaware_ontology,https://w3id.org/beaware_ontology/,canonical
w3id,bedrock,https://w3id.org/bedrock/,canonical
w3id,beo,https://w3id.org/beo/,canonical
w3id,bero,https://w3id.org/bero/,canonical
w3id,BESDUI,https://w3id.org/BESDUI/,canonical
w3id,besocial,https://w3id.org/besocial/,canonical
w3id,bestr,https://w3id.org/bestr/,canonical
w3id,bgv-fdp,https://w3id.org/bgv-fdp/,canonical
w3id,bibma,https://w3id.org/bibma/,canonical
w3id,big-map,https://w3id.org/big-map/,canonical
w3id,BIGOWL,https://w3id.org/BIGOWL/,canonical
w3id,BIGOWL4DQ,https://w3id.org/BIGOWL4DQ/,canonical
w3id,BIGOWLAlgorithm,https://w3id.org/BIGOWLAlgorithm/,canonical
w3id,BIGOWLAlgorithms,https://w3id.org/BIGOWLAlgorithms/,canonical
w3id,BIGOWLData,https://w3id.org/BIGOWLData/,canonical
w3id,BIGOWLProblems,https://w3id.org/BIGOWLProblems/,canonical
w3id,BIGOWLWorkflows,https://w3id.org/BIGOWLWorkflows/,canonical
w3id,bim4eepsa,https://w3id.org/bim4eepsa/,canonical
w3id,bim4pfeepsa,https://w3id.org/bim4pfeepsa/,canonical
w3id,biocompute,https://w3id.org/biocompute/,canonical
w3id,bioit_fair_apps,https://w3id.org/bioit_fair_apps/,canonical
w3id,biolink,https://w3id.org/biolink/,canonical
w3id,biopragmatics,https://w3id.org/biopragmatics/,canonical
w3id,biosemantics-lumc,https://w3id.org/biosemantics-lumc/,canonical
w3id,bird-a,https://w3id.org/bird-a/,canonical
w3id,blockcerts,https://w3id.org/blockcerts/,canonical
w3id,bloxberg,https://w3id.org/bloxberg/,canonical
w3id,bmat,https://w3id.org/bmat/,canonical
w3id,BMO,https://w3id.org/BMO/,canonical
w3id,bmontology,https://w3id.org/bmontology/,canonical
w3id,bmp,https://w3id.org/bmp/,canonical
w3id,bog,https://w3id.org/bog/,canonical
w3id,book,https://w3id.org/book/,canonical
w3id,bop,https://w3id.org/bop/,canonical
w3id,bot,https://w3id.org/bot/,canonical
w3id,bpo,https://w3id.org/bpo/,canonical
w3id,brainteaser,https://w3id.org/brainteaser/,canonical
w3id,brcomp,https://w3id.org/brcomp/,canonical
w3id,bridge,https://w3id.org/bridge/,canonical
w3id,brot,https://w3id.org/brot/,canonical
w3id,brstr,https://w3id.org/brstr/,canonical
w3id,bs,https://w3id.org/bs/,canonical
w3id,bufalinis-notebook,https://w3id.org/bufalinis-notebook/,canonical
w3id,bundle,https://w3id.org/bundle/,canonical
w3id,busy,https://w3id.org/busy/,canonical
w3id,BVAS,https://w3id.org/BVAS/,canonical
w3id,c-path,https://w3id.org/c-path/,canonical
w3id,CA-ODE4HERA,https://w3id.org/CA-ODE4HERA/,canonical
w3id,cao,https://w3id.org/cao/,canonical
w3id,CAPABLE,https://w3id.org/CAPABLE/,canonical
w3id,catenax,https://w3id.org/catenax/,canonical
w3id,causalPattern,https://w3id.org/causalPattern/,canonical
w3id,CBGP_SEEK,https://w3id.org/CBGP_SEEK/,canonical
w3id,cbv,https://w3id.org/cbv/,canonical
w3id,cc,https://w3id.org/cc/,canonical
w3id,ccso,https://w3id.org/ccso/,canonical
w3id,cd2h,https://w3id.org/cd2h/,canonical
w3id,cdc,https://w3id.org/cdc/,canonical
w3id,cde,https://w3id.org/cde/,canonical
w3id,CDO,https://w3id.org/CDO/,canonical
w3id,CDRIO,https://w3id.org/CDRIO/,canonical
w3id,cdt,https://w3id.org/cdt/,canonical
w3id,ce,https://w3id.org/ce/,canonical
w3id,cedar,https://w3id.org/cedar/,canonical
w3id,CEIR,https://w3id.org/CEIR/,canonical
w3id,CEMontology,https://w3id.org/CEMontology/,canonical
w3id,cenpat-gilia,https://w3id.org/cenpat-gilia/,canonical
w3id,CEON,https://w3id.org/CEON/,canonical
w3id,cerif,https://w3id.org/cerif/,canonical
w3id,cerrotti,https://w3id.org/cerrotti/,canonical
w3id,certainty_nanopubs,https://w3id.org/certainty_nanopubs/,canonical
w3id,cevo,https://w3id.org/cevo/,canonical
w3id,cff,https://w3id.org/cff/,canonical
w3id,chainpoint,https://w3id.org/chainpoint/,canonical
w3id,chalkgrp,https://w3id.org/chalkgrp/,canonical
w3id,character-computing,https://w3id.org/character-computing/,canonical
w3id,charity-organization,https://w3id.org/charity-organization/,canonical
w3id,charta77,https://w3id.org/charta77/,canonical
w3id,chaudron,https://w3id.org/chaudron/,canonical
w3id,chemrof,https://w3id.org/chemrof/,canonical
w3id,CHeVIE,https://w3id.org/CHeVIE/,canonical
w3id,CHFDM,https://w3id.org/CHFDM/,canonical
w3id,ChliAO,https://w3id.org/ChliAO/,canonical
w3id,cis,https://w3id.org/cis/,canonical
w3id,cise,https://w3id.org/cise/,canonical
w3id,cispe,https://w3id.org/cispe/,canonical
w3id,cit,https://w3id.org/cit/,canonical
w3id,citedcat-ap,https://w3id.org/citedcat-ap/,canonical
w3id,citizenship,https://w3id.org/citizenship/,canonical
w3id,cityofthings,https://w3id.org/cityofthings/,canonical
w3id,CityOWL,https://w3id.org/CityOWL/,canonical
w3id,cityspin,https://w3id.org/cityspin/,canonical
w3id,ckgg,https://w3id.org/ckgg/,canonical
w3id,clarin_el_dictionary,https://w3id.org/clarin_el_dictionary/,canonical
w3id,class,https://w3id.org/class/,canonical
w3id,classrank,https://w3id.org/classrank/,canonical
w3id,cld,https://w3id.org/cld/,canonical
w3id,clinga,https://w3id.org/clinga/,canonical
w3id,clipc,https://w3id.org/clipc/,canonical
w3id,clodg,https://w3id.org/clodg/,canonical
w3id,cluedo4KG,https://w3id.org/cluedo4KG/,canonical
w3id,cmd,https://w3id.org/cmd/,canonical
w3id,CMECS,https://w3id.org/CMECS/,canonical
w3id,cmip6dr,https://w3id.org/cmip6dr/,canonical
w3id,cnco,https://w3id.org/cnco/,canonical
w3id,cno,https://w3id.org/cno/,canonical
w3id,cnr-ispc,https://w3id.org/cnr-ispc/,canonical
w3id,cntf,https://w3id.org/cntf/,canonical
w3id,cocoon,https://w3id.org/cocoon/,canonical
w3id,codata,https://w3id.org/codata/,canonical
w3id,codemeta,https://w3id.org/codemeta/,canonical
w3id,codemetasoft,https://w3id.org/codemetasoft/,canonical
w3id,codo,https://w3id.org/codo/,canonical
w3id,ColActDOnt,https://w3id.org/ColActDOnt/,canonical
w3id,combining-linking-techniques,https://w3id.org/combining-linking-techniques/,canonical
w3id,comein,https://w3id.org/comein/,canonical
w3id,commerce,https://w3id.org/commerce/,canonical
w3id,con-tax,https://w3id.org/con-tax/,canonical
w3id,conceptual-mapping,https://w3id.org/conceptual-mapping/,canonical
w3id,concrete,https://w3id.org/concrete/,canonical
w3id,conjectures,https://w3id.org/conjectures/,canonical
w3id,consent-mapping-jit,https://w3id.org/consent-mapping-jit/,canonical
w3id,CONSIDER,https://w3id.org/CONSIDER/,canonical
w3id,consolid,https://w3id.org/consolid/,canonical
w3id,contentdesc,https://w3id.org/contentdesc/,canonical
w3id,convology,https://w3id.org/convology/,canonical
w3id,coops-uk,https://w3id.org/coops-uk/,canonical
w3id,cop,https://w3id.org/cop/,canonical
w3id,corekb,https://w3id.org/corekb/,canonical
w3id,coreo,https://w3id.org/coreo/,canonical
w3id,coscine,https://w3id.org/coscine/,canonical
w3id,costumeCore,https://w3id.org/costumeCore/,canonical
w3id,coswot,https://w3id.org/coswot/,canonical
w3id,CovidO,https://w3id.org/CovidO/,canonical
w3id,cowcerts,https://w3id.org/cowcerts/,canonical
w3id,coypu,https://w3id.org/coypu/,canonical
w3id,cpf-rel,https://w3id.org/cpf-rel/,canonical
w3id,cpld,https://w3id.org/cpld/,canonical
w3id,cpm,https://w3id.org/cpm/,canonical
w3id,cpont,https://w3id.org/cpont/,canonical
w3id,cpr,https://w3id.org/cpr/,canonical
w3id,CPSWatch,https://w3id.org/CPSWatch/,canonical
w3id,cpto,https://w3id.org/cpto/,canonical
w3id,cramp-fdp,https://w3id.org/cramp-fdp/,canonical
w3id,credentials,https://w3id.org/credentials/,canonical
w3id,credit,https://w3id.org/credit/,canonical
w3id,cri,https://w3id.org/cri/,canonical
w3id,cro,https://w3id.org/cro/,canonical
w3id,cskg,https://w3id.org/cskg/,canonical
w3id,cso,https://w3id.org/cso/,canonical
w3id,csolink,https://w3id.org/csolink/,canonical
w3id,cspdo,https://w3id.org/cspdo/,canonical
w3id,ctdl,https://w3id.org/ctdl/,canonical
w3id,cto,https://w3id.org/cto/,canonical
w3id,ctp,https://w3id.org/ctp/,canonical
w3id,ctsr-fdp,https://w3id.org/ctsr-fdp/,canonical
w3id,culco,https://w3id.org/culco/,canonical
w3id,CulturalKnowledgeGraph,https://w3id.org/CulturalKnowledgeGraph/,canonical
w3id,curriculum,https://w3id.org/curriculum/,canonical
w3id,cwl,https://w3id.org/cwl/,canonical
w3id,cybele,https://w3id.org/cybele/,canonical
w3id,d1f9cd,https://w3id.org/d1f9cd/,canonical
w3id,d2kg,https://w3id.org/d2kg/,canonical
w3id,d2s,https://w3id.org/d2s/,canonical
w3id,dao,https://w3id.org/dao/,canonical
w3id,daselab,https://w3id.org/daselab/,canonical
w3id,data-fw,https://w3id.org/data-fw/,canonical
w3id,Data-Maturity,https://w3id.org/Data-Maturity/,canonical
w3id,data2services,https://w3id.org/data2services/,canonical
w3id,datamart,https://w3id.org/datamart/,canonical
w3id,datascope,https://w3id.org/datascope/,canonical
w3id,dataset_900,https://w3id.org/dataset_900/,canonical
w3id,dataspaces-policies,https://w3id.org/dataspaces-policies/,canonical
w3id,date,https://w3id.org/date/,canonical
w3id,dats,https://w3id.org/dats/,canonical
w3id,dave,https://w3id.org/dave/,canonical
w3id,dba,https://w3id.org/dba/,canonical
w3id,dc,https://w3id.org/dc/,canonical
w3id,dcat-ap,https://w3id.org/dcat-ap/,canonical
w3id,dcc,https://w3id.org/dcc/,canonical
w3id,dco,https://w3id.org/dco/,canonical
w3id,DCRI-ont,https://w3id.org/DCRI-ont/,canonical
w3id,DCRI-ont-spe,https://w3id.org/DCRI-ont-spe/,canonical
w3id,DCRI-voc,https://w3id.org/DCRI-voc/,canonical
w3id,dcs-se-extension,https://w3id.org/dcs-se-extension/,canonical
w3id,dcso,https://w3id.org/dcso/,canonical
w3id,dcx,https://w3id.org/dcx/,canonical
w3id,ddb,https://w3id.org/ddb/,canonical
w3id,ddmim,https://w3id.org/ddmim/,canonical
w3id,ddo,https://w3id.org/ddo/,canonical
w3id,deepphe-docs,https://w3id.org/deepphe-docs/,canonical
w3id,deer,https://w3id.org/deer/,canonical
w3id,def,https://w3id.org/def/,canonical
w3id,demato,https://w3id.org/demato/,canonical
w3id,demeter,https://w3id.org/demeter/,canonical
w3id,DEMETER_ontologies,https://w3id.org/DEMETER_ontologies/,canonical
w3id,demo-resources,https://w3id.org/demo-resources/,canonical
w3id,DepressionFeature,https://w3id.org/DepressionFeature/,canonical
w3id,devops-infra,https://w3id.org/devops-infra/,canonical
w3id,dfc,https://w3id.org/dfc/,canonical
w3id,dfd,https://w3id.org/dfd/,canonical
w3id,DFDP,https://w3id.org/DFDP/,canonical
w3id,dfgfo,https://w3id.org/dfgfo/,canonical
w3id,dfo,https://w3id.org/dfo/,canonical
w3id,dgarijo,https://w3id.org/dgarijo/,canonical
w3id,dgassist,https://w3id.org/dgassist/,canonical
w3id,dgaterms,https://w3id.org/dgaterms/,canonical
w3id,dggs,https://w3id.org/dggs/,canonical
w3id,dharc,https://w3id.org/dharc/,canonical
w3id,dhj,https://w3id.org/dhj/,canonical
w3id,dice-research,https://w3id.org/dice-research/,canonical
w3id,did,https://w3id.org/did/,canonical
w3id,did-resolution,https://w3id.org/did-resolution/,canonical
w3id,didcomm,https://w3id.org/didcomm/,canonical
w3id,diga,https://w3id.org/diga/,canonical
w3id,digibatt,https://w3id.org/digibatt/,canonical
w3id,digitalconstruction,https://w3id.org/digitalconstruction/,canonical
w3id,digitalpeople,https://w3id.org/digitalpeople/,canonical
w3id,DigiTwin,https://w3id.org/DigiTwin/,canonical
w3id,dingo,https://w3id.org/dingo/,canonical
w3id,dini-ag-kim,https://w3id.org/dini-ag-kim/,canonical
w3id,dio,https://w3id.org/dio/,canonical
w3id,diopp,https://w3id.org/diopp/,canonical
w3id,disimgameontology,https://w3id.org/disimgameontology/,canonical
w3id,disk,https://w3id.org/disk/,canonical
w3id,dkg,https://w3id.org/dkg/,canonical
w3id,dlo,https://w3id.org/dlo/,canonical
w3id,DLTOntology,https://w3id.org/DLTOntology/,canonical
w3id,dm4eepsa,https://w3id.org/dm4eepsa/,canonical
w3id,dmi,https://w3id.org/dmi/,canonical
w3id,dmo,https://w3id.org/dmo/,canonical
w3id,dmpqv,https://w3id.org/dmpqv/,canonical
w3id,dmscope-fdp,https://w3id.org/dmscope-fdp/,canonical
w3id,DnD5eCharacter,https://w3id.org/DnD5eCharacter/,canonical
w3id,do4kg,https://w3id.org/do4kg/,canonical
w3id,dob,https://w3id.org/dob/,canonical
w3id,DockerPedia,https://w3id.org/DockerPedia/,canonical
w3id,docmaps,https://w3id.org/docmaps/,canonical
w3id,documents,https://w3id.org/documents/,canonical
w3id,DOLCE,https://w3id.org/DOLCE/,canonical
w3id,dosdp,https://w3id.org/dosdp/,canonical
w3id,dot,https://w3id.org/dot/,canonical
w3id,doves,https://w3id.org/doves/,canonical
w3id,dpcat,https://w3id.org/dpcat/,canonical
w3id,dpp,https://w3id.org/dpp/,canonical
w3id,dppo,https://w3id.org/dppo/,canonical
w3id,dpv,https://w3id.org/dpv/,canonical
w3id,dqd,https://w3id.org/dqd/,canonical
w3id,dqts,https://w3id.org/dqts/,canonical
w3id,dream-lab,https://w3id.org/dream-lab/,canonical
w3id,drinventor,https://w3id.org/drinventor/,canonical
w3id,drone,https://w3id.org/drone/,canonical
w3id,drp,https://w3id.org/drp/,canonical
w3id,dsa,https://w3id.org/dsa/,canonical
w3id,dsd,https://w3id.org/dsd/,canonical
w3id,dso,https://w3id.org/dso/,canonical
w3id,dspace,https://w3id.org/dspace/,canonical
w3id,dst,https://w3id.org/dst/,canonical
w3id,dstv,https://w3id.org/dstv/,canonical
w3id,dsv,https://w3id.org/dsv/,canonical
w3id,dsv-dap,https://w3id.org/dsv-dap/,canonical
w3id,dsv-ontology,https://w3id.org/dsv-ontology/,canonical
w3id,dt,https://w3id.org/dt/,canonical
w3id,dts,https://w3id.org/dts/,canonical
w3id,duchenne-fdp,https://w3id.org/duchenne-fdp/,canonical
w3id,duchenne-proms,https://w3id.org/duchenne-proms/,canonical
w3id,duodrl,https://w3id.org/duodrl/,canonical
w3id,dwc,https://w3id.org/dwc/,canonical
w3id,earth,https://w3id.org/earth/,canonical
w3id,eb,https://w3id.org/eb/,canonical
w3id,eboca,https://w3id.org/eboca/,canonical
w3id,ecad,https://w3id.org/ecad/,canonical
w3id,ecareathome,https://w3id.org/ecareathome/,canonical
w3id,ecfkg,https://w3id.org/ecfkg/,canonical
w3id,ecfo,https://w3id.org/ecfo/,canonical
w3id,ecise,https://w3id.org/ecise/,canonical
w3id,ecodigit,https://w3id.org/ecodigit/,canonical
w3id,ecsel-dr,https://w3id.org/ecsel-dr/,canonical
w3id,ecsel-dr-prc-PMV,https://w3id.org/ecsel-dr-prc-PMV/,canonical
w3id,ecsel-dr-sn-SSP,https://w3id.org/ecsel-dr-sn-SSP/,canonical
w3id,edc,https://w3id.org/edc/,canonical
w3id,edfo,https://w3id.org/edfo/,canonical
w3id,EDH_Ctagged,https://w3id.org/EDH_Ctagged/,canonical
w3id,edu-sharing,https://w3id.org/edu-sharing/,canonical
w3id,education,https://w3id.org/education/,canonical
w3id,edukg,https://w3id.org/edukg/,canonical
w3id,edwin,https://w3id.org/edwin/,canonical
w3id,edxl,https://w3id.org/edxl/,canonical
w3id,ee4i,https://w3id.org/ee4i/,canonical
w3id,eem,https://w3id.org/eem/,canonical
w3id,eeo,https://w3id.org/eeo/,canonical
w3id,eep,https://w3id.org/eep/,canonical
w3id,eepsa,https://w3id.org/eepsa/,canonical
w3id,eff,https://w3id.org/eff/,canonical
w3id,ehds,https://w3id.org/ehds/,canonical
w3id,eipdm,https://w3id.org/eipdm/,canonical
w3id,ejp-rd,https://w3id.org/ejp-rd/,canonical
w3id,eke,https://w3id.org/eke/,canonical
w3id,elementary,https://w3id.org/elementary/,canonical
w3id,emerging,https://w3id.org/emerging/,canonical
w3id,emmo,https://w3id.org/emmo/,canonical
w3id,emmo-bto,https://w3id.org/emmo-bto/,canonical
w3id,emmo-chameo,https://w3id.org/emmo-chameo/,canonical
w3id,emmo-hpo,https://w3id.org/emmo-hpo/,canonical
w3id,emmo-maeo,https://w3id.org/emmo-maeo/,canonical
w3id,empathi,https://w3id.org/empathi/,canonical
w3id,encode,https://w3id.org/encode/,canonical
w3id,EnergyInformationModel,https://w3id.org/EnergyInformationModel/,canonical
w3id,enershare,https://w3id.org/enershare/,canonical
w3id,engrd,https://w3id.org/engrd/,canonical
w3id,enigma,https://w3id.org/enigma/,canonical
w3id,env,https://w3id.org/env/,canonical
w3id,enyr,https://w3id.org/enyr/,canonical
w3id,eo,https://w3id.org/eo/,canonical
w3id,eo-ontology,https://w3id.org/eo-ontology/,canonical
w3id,ep-plan,https://w3id.org/ep-plan/,canonical
w3id,epont,https://w3id.org/epont/,canonical
w3id,epsilonitalia,https://w3id.org/epsilonitalia/,canonical
w3id,ereefs,https://w3id.org/ereefs/,canonical
w3id,ERKNet,https://w3id.org/ERKNet/,canonical
w3id,erkreg-fdp,https://w3id.org/erkreg-fdp/,canonical
w3id,ern-euro-nmd-fdp,https://w3id.org/ern-euro-nmd-fdp/,canonical
w3id,esbm,https://w3id.org/esbm/,canonical
w3id,esim,https://w3id.org/esim/,canonical
w3id,ESO,https://w3id.org/ESO/,canonical
w3id,esw,https://w3id.org/esw/,canonical
w3id,etap,https://w3id.org/etap/,canonical
w3id,EUREF-HDC,https://w3id.org/EUREF-HDC/,canonical
w3id,euro-nmd-kpis,https://w3id.org/euro-nmd-kpis/,canonical
w3id,EUTaxO,https://w3id.org/EUTaxO/,canonical
w3id,evdoxus,https://w3id.org/evdoxus/,canonical
w3id,eventnotifications,https://w3id.org/eventnotifications/,canonical
w3id,EVENTSKG-Dataset,https://w3id.org/EVENTSKG-Dataset/,canonical
w3id,everycred,https://w3id.org/everycred/,canonical
w3id,EVI,https://w3id.org/EVI/,canonical
w3id,evo,https://w3id.org/evo/,canonical
w3id,EXACT,https://w3id.org/EXACT/,canonical
w3id,examode,https://w3id.org/examode/,canonical
w3id,example,https://w3id.org/example/,canonical
w3id,examples,https://w3id.org/examples/,canonical
w3id,exanet,https://w3id.org/exanet/,canonical
w3id,exasure,https://w3id.org/exasure/,canonical
w3id,exatag,https://w3id.org/exatag/,canonical
w3id,exdoc,https://w3id.org/exdoc/,canonical
w3id,exe-kg-lib,https://w3id.org/exe-kg-lib/,canonical
w3id,executionTechnique,https://w3id.org/executionTechnique/,canonical
w3id,explainability,https://w3id.org/explainability/,canonical
w3id,ExpO,https://w3id.org/ExpO/,canonical
w3id,express,https://w3id.org/express/,canonical
w3id,EXTVARTRANS,https://w3id.org/EXTVARTRANS/,canonical
w3id,fair,https://w3id.org/fair/,canonical
w3id,FAIR-academic,https://w3id.org/FAIR-academic/,canonical
w3id,FAIR-Champion-Harvester,https://w3id.org/FAIR-Champion-Harvester/,canonical
w3id,FAIR-course-UT,https://w3id.org/FAIR-course-UT/,canonical
w3id,fair-enough,https://w3id.org/fair-enough/,canonical
w3id,fair-genomes,https://w3id.org/fair-genomes/,canonical
w3id,fair4ml,https://w3id.org/fair4ml/,canonical
w3id,FAIR_COVID19,https://w3id.org/FAIR_COVID19/,canonical
w3id,FAIR_eva,https://w3id.org/FAIR_eva/,canonical
w3id,FAIR_Evaluator,https://w3id.org/FAIR_Evaluator/,canonical
w3id,FAIR_Tests,https://w3id.org/FAIR_Tests/,canonical
w3id,FAIR_Training_LDP,https://w3id.org/FAIR_Training_LDP/,canonical
w3id,fairchecker,https://w3id.org/fairchecker/,canonical
w3id,faircookbook,https://w3id.org/faircookbook/,canonical
w3id,fairjupyter,https://w3id.org/fairjupyter/,canonical
w3id,FAIROS,https://w3id.org/FAIROS/,canonical
w3id,FAIRVASC,https://w3id.org/FAIRVASC/,canonical
w3id,fairvasc-fdp,https://w3id.org/fairvasc-fdp/,canonical
w3id,fao-ipgr,https://w3id.org/fao-ipgr/,canonical
w3id,farm-stack,https://w3id.org/farm-stack/,canonical
w3id,FATO,https://w3id.org/FATO/,canonical
w3id,favr,https://w3id.org/favr/,canonical
w3id,fcage,https://w3id.org/fcage/,canonical
w3id,fdo,https://w3id.org/fdo/,canonical
w3id,fdof,https://w3id.org/fdof/,canonical
w3id,fdp,https://w3id.org/fdp/,canonical
w3id,FDS_VocBench3,https://w3id.org/FDS_VocBench3/,canonical
w3id,fdso,https://w3id.org/fdso/,canonical
w3id,fdt,https://w3id.org/fdt/,canonical
w3id,FeatureOnto,https://w3id.org/FeatureOnto/,canonical
w3id,fep,https://w3id.org/fep/,canonical
w3id,fides,https://w3id.org/fides/,canonical
w3id,fip,https://w3id.org/fip/,canonical
w3id,first-responder,https://w3id.org/first-responder/,canonical
w3id,fkb-okn,https://w3id.org/fkb-okn/,canonical
w3id,fkresearch,https://w3id.org/fkresearch/,canonical
w3id,flashcards,https://w3id.org/flashcards/,canonical
w3id,flex,https://w3id.org/flex/,canonical
w3id,flp,https://w3id.org/flp/,canonical
w3id,fmo,https://w3id.org/fmo/,canonical
w3id,foam,https://w3id.org/foam/,canonical
w3id,fog,https://w3id.org/fog/,canonical
w3id,folia,https://w3id.org/folia/,canonical
w3id,fom,https://w3id.org/fom/,canonical
w3id,food,https://w3id.org/food/,canonical
w3id,foodallergen,https://w3id.org/foodallergen/,canonical
w3id,foodie,https://w3id.org/foodie/,canonical
w3id,foodpairing_inspire_kg,https://w3id.org/foodpairing_inspire_kg/,canonical
w3id,foops,https://w3id.org/foops/,canonical
w3id,forecasting4eepsa,https://w3id.org/forecasting4eepsa/,canonical
w3id,fox,https://w3id.org/fox/,canonical
w3id,fr,https://w3id.org/fr/,canonical
w3id,framester,https://w3id.org/framester/,canonical
w3id,fraunhofer,https://w3id.org/fraunhofer/,canonical
w3id,frontier,https://w3id.org/frontier/,canonical
w3id,frost,https://w3id.org/frost/,canonical
w3id,fso,https://w3id.org/fso/,canonical
w3id,fst,https://w3id.org/fst/,canonical
w3id,ftm,https://w3id.org/ftm/,canonical
w3id,FTP,https://w3id.org/FTP/,canonical
w3id,ftr,https://w3id.org/ftr/,canonical
w3id,fuel,https://w3id.org/fuel/,canonical
w3id,function,https://w3id.org/function/,canonical
w3id,fuskg,https://w3id.org/fuskg/,canonical
w3id,g0v,https://w3id.org/g0v/,canonical
w3id,ga4gh,https://w3id.org/ga4gh/,canonical
w3id,gaia-x,https://w3id.org/gaia-x/,canonical
w3id,games,https://w3id.org/games/,canonical
w3id,gas,https://w3id.org/gas/,canonical
w3id,GasInformationModel,https://w3id.org/GasInformationModel/,canonical
w3id,GayCities,https://w3id.org/GayCities/,canonical
w3id,GayLesbianBisexualTVCharacters,https://w3id.org/GayLesbianBisexualTVCharacters/,canonical
w3id,gba,https://w3id.org/gba/,canonical
w3id,gbo,https://w3id.org/gbo/,canonical
w3id,GConsent,https://w3id.org/GConsent/,canonical
w3id,gdmt,https://w3id.org/gdmt/,canonical
w3id,GDPRep,https://w3id.org/GDPRep/,canonical
w3id,gdprif,https://w3id.org/gdprif/,canonical
w3id,GDPRov,https://w3id.org/GDPRov/,canonical
w3id,GDPRtEXT,https://w3id.org/GDPRtEXT/,canonical
w3id,geno,https://w3id.org/geno/,canonical
w3id,gensc,https://w3id.org/gensc/,canonical
w3id,geochem,https://w3id.org/geochem/,canonical
w3id,geoff,https://w3id.org/geoff/,canonical
w3id,geohealth,https://w3id.org/geohealth/,canonical
w3id,geolit,https://w3id.org/geolit/,canonical
w3id,geoshacl,https://w3id.org/geoshacl/,canonical
w3id,geotime,https://w3id.org/geotime/,canonical
w3id,gerbil,https://w3id.org/gerbil/,canonical
w3id,GerPS-onto,https://w3id.org/GerPS-onto/,canonical
w3id,gff,https://w3id.org/gff/,canonical
w3id,gfo,https://w3id.org/gfo/,canonical
w3id,gicentre,https://w3id.org/gicentre/,canonical
w3id,GISOntology4Renovation,https://w3id.org/GISOntology4Renovation/,canonical
w3id,gizmo,https://w3id.org/gizmo/,canonical
w3id,glmo,https://w3id.org/glmo/,canonical
w3id,globalise,https://w3id.org/globalise/,canonical
w3id,glosis,https://w3id.org/glosis/,canonical
w3id,GNSS-BE-REPO,https://w3id.org/GNSS-BE-REPO/,canonical
w3id,gom,https://w3id.org/gom/,canonical
w3id,gpo,https://w3id.org/gpo/,canonical
w3id,gptto,https://w3id.org/gptto/,canonical
w3id,Green-AI-Ontology,https://w3id.org/Green-AI-Ontology/,canonical
w3id,Greens,https://w3id.org/Greens/,canonical
w3id,greycite,https://w3id.org/greycite/,canonical
w3id,gso,https://w3id.org/gso/,canonical
w3id,gub,https://w3id.org/gub/,canonical
w3id,GVTPDOnto,https://w3id.org/GVTPDOnto/,canonical
w3id,GVTPDOntology,https://w3id.org/GVTPDOntology/,canonical
w3id,hacid,https://w3id.org/hacid/,canonical
w3id,hadids,https://w3id.org/hadids/,canonical
w3id,haf,https://w3id.org/haf/,canonical
w3id,haf-dev,https://w3id.org/haf-dev/,canonical
w3id,halo-ontology,https://w3id.org/halo-ontology/,canonical
w3id,haps,https://w3id.org/haps/,canonical
w3id,hart,https://w3id.org/hart/,canonical
w3id,hclscg,https://w3id.org/hclscg/,canonical
w3id,hdgi,https://w3id.org/hdgi/,canonical
w3id,hdruk,https://w3id.org/hdruk/,canonical
w3id,health-schemas,https://w3id.org/health-schemas/,canonical
w3id,hefquin,https://w3id.org/hefquin/,canonical
w3id,helis,https://w3id.org/helis/,canonical
w3id,hero,https://w3id.org/hero/,canonical
w3id,HHT,https://w3id.org/HHT/,canonical
w3id,hi,https://w3id.org/hi/,canonical
w3id,hico,https://w3id.org/hico/,canonical
w3id,HIMIKO,https://w3id.org/HIMIKO/,canonical
w3id,hlac,https://w3id.org/hlac/,canonical
w3id,hmo,https://w3id.org/hmo/,canonical
w3id,hobbit,https://w3id.org/hobbit/,canonical
w3id,hospex,https://w3id.org/hospex/,canonical
w3id,hpdb,https://w3id.org/hpdb/,canonical
w3id,hpont,https://w3id.org/hpont/,canonical
w3id,hso,https://w3id.org/hso/,canonical
w3id,hsu-aut,https://w3id.org/hsu-aut/,canonical
w3id,htad-fdp,https://w3id.org/htad-fdp/,canonical
w3id,hto,https://w3id.org/hto/,canonical
w3id,http,https://w3id.org/http/,canonical
w3id,huml,https://w3id.org/huml/,canonical
w3id,hydra,https://w3id.org/hydra/,canonical
w3id,hysope2,https://w3id.org/hysope2/,canonical
w3id,i2i,https://w3id.org/i2i/,canonical
w3id,i40,https://w3id.org/i40/,canonical
w3id,iaam,https://w3id.org/iaam/,canonical
w3id,iacs,https://w3id.org/iacs/,canonical
w3id,iadb,https://w3id.org/iadb/,canonical
w3id,iadopt,https://w3id.org/iadopt/,canonical
w3id,iaw,https://w3id.org/iaw/,canonical
w3id,iberz,https://w3id.org/iberz/,canonical
w3id,ibp,https://w3id.org/ibp/,canonical
w3id,ic,https://w3id.org/ic/,canonical
w3id,icddl,https://w3id.org/icddl/,canonical
w3id,icity,https://w3id.org/icity/,canonical
w3id,icon,https://w3id.org/icon/,canonical
w3id,icsa,https://w3id.org/icsa/,canonical
w3id,id-rules,https://w3id.org/id-rules/,canonical
w3id,idafensp,https://w3id.org/idafensp/,canonical
w3id,iddo,https://w3id.org/iddo/,canonical
w3id,identity,https://w3id.org/identity/,canonical
w3id,idn,https://w3id.org/idn/,canonical
w3id,ido,https://w3id.org/ido/,canonical
w3id,idpo,https://w3id.org/idpo/,canonical
w3id,idsa,https://w3id.org/idsa/,canonical
w3id,ieee,https://w3id.org/ieee/,canonical
w3id,ifc,https://w3id.org/ifc/,canonical
w3id,ifcc,https://w3id.org/ifcc/,canonical
w3id,ifcp,https://w3id.org/ifcp/,canonical
w3id,iicongraph,https://w3id.org/iicongraph/,canonical
w3id,IIoT,https://w3id.org/IIoT/,canonical
w3id,iliad,https://w3id.org/iliad/,canonical
w3id,illusnip,https://w3id.org/illusnip/,canonical
w3id,imec,https://w3id.org/imec/,canonical
w3id,imgpedia,https://w3id.org/imgpedia/,canonical
w3id,imkg,https://w3id.org/imkg/,canonical
w3id,inbio,https://w3id.org/inbio/,canonical
w3id,indonesia-history,https://w3id.org/indonesia-history/,canonical
w3id,inesdata,https://w3id.org/inesdata/,canonical
w3id,inmevo,https://w3id.org/inmevo/,canonical
w3id,inrupt,https://w3id.org/inrupt/,canonical
w3id,inspireOnts,https://w3id.org/inspireOnts/,canonical
w3id,instructie,https://w3id.org/instructie/,canonical
w3id,interactions,https://w3id.org/interactions/,canonical
w3id,interont,https://w3id.org/interont/,canonical
w3id,ioc,https://w3id.org/ioc/,canonical
w3id,iomust,https://w3id.org/iomust/,canonical
w3id,iot,https://w3id.org/iot/,canonical
w3id,iotd,https://w3id.org/iotd/,canonical
w3id,iotf,https://w3id.org/iotf/,canonical
w3id,ipsoeu,https://w3id.org/ipsoeu/,canonical
w3id,iqb,https://w3id.org/iqb/,canonical
w3id,irnerio,https://w3id.org/irnerio/,canonical
w3id,irnerio-mosaico,https://w3id.org/irnerio-mosaico/,canonical
w3id,isa,https://w3id.org/isa/,canonical
w3id,isample,https://w3id.org/isample/,canonical
w3id,isCharacterisedBy,https://w3id.org/isCharacterisedBy/,canonical
w3id,iSeeOnto,https://w3id.org/iSeeOnto/,canonical
w3id,isil,https://w3id.org/isil/,canonical
w3id,isoprops,https://w3id.org/isoprops/,canonical
w3id,italia,https://w3id.org/italia/,canonical
w3id,itil,https://w3id.org/itil/,canonical
w3id,ixo,https://w3id.org/ixo/,canonical
w3id,JazzOntology,https://w3id.org/JazzOntology/,canonical
w3id,jelly,https://w3id.org/jelly/,canonical
w3id,jhercher,https://w3id.org/jhercher/,canonical
w3id,jicamarca,https://w3id.org/jicamarca/,canonical
w3id,jp-cos,https://w3id.org/jp-cos/,canonical
w3id,jp-textbook,https://w3id.org/jp-textbook/,canonical
w3id,json-ld-patch,https://w3id.org/json-ld-patch/,canonical
w3id,json-patch,https://w3id.org/json-patch/,canonical
w3id,jws,https://w3id.org/jws/,canonical
w3id,kbr,https://w3id.org/kbr/,canonical
w3id,kdsf-ffk,https://w3id.org/kdsf-ffk/,canonical
w3id,kg-construct,https://w3id.org/kg-construct/,canonical
w3id,kg3d,https://w3id.org/kg3d/,canonical
w3id,kg4di,https://w3id.org/kg4di/,canonical
w3id,kgcl,https://w3id.org/kgcl/,canonical
w3id,kgcm,https://w3id.org/kgcm/,canonical
w3id,kgcp,https://w3id.org/kgcp/,canonical
w3id,kgraphx,https://w3id.org/kgraphx/,canonical
w3id,kgtk_kypher,https://w3id.org/kgtk_kypher/,canonical
w3id,kim,https://w3id.org/kim/,canonical
w3id,kmo,https://w3id.org/kmo/,canonical
w3id,knowhow,https://w3id.org/knowhow/,canonical
w3id,knowledge-engine,https://w3id.org/knowledge-engine/,canonical
w3id,knowledge-space,https://w3id.org/knowledge-space/,canonical
w3id,knwols,https://w3id.org/knwols/,canonical
w3id,kobl,https://w3id.org/kobl/,canonical
w3id,kos,https://w3id.org/kos/,canonical
w3id,kouigenjimonogatari,https://w3id.org/kouigenjimonogatari/,canonical
w3id,kpionto,https://w3id.org/kpionto/,canonical
w3id,kpxl,https://w3id.org/kpxl/,canonical
w3id,ksa,https://w3id.org/ksa/,canonical
w3id,kw,https://w3id.org/kw/,canonical
w3id,kxu,https://w3id.org/kxu/,canonical
w3id,l4dr,https://w3id.org/l4dr/,canonical
w3id,la,https://w3id.org/la/,canonical
w3id,laas-iot,https://w3id.org/laas-iot/,canonical
w3id,laderr,https://w3id.org/laderr/,canonical
w3id,lara,https://w3id.org/lara/,canonical
w3id,latuli,https://w3id.org/latuli/,canonical
w3id,launuts,https://w3id.org/launuts/,canonical
w3id,lbd,https://w3id.org/lbd/,canonical
w3id,lbdserver,https://w3id.org/lbdserver/,canonical
w3id,lbs,https://w3id.org/lbs/,canonical
w3id,ld4ie,https://w3id.org/ld4ie/,canonical
w3id,ldac,https://w3id.org/ldac/,canonical
w3id,ldasw,https://w3id.org/ldasw/,canonical
w3id,ldes,https://w3id.org/ldes/,canonical
w3id,ldpdl,https://w3id.org/ldpdl/,canonical
w3id,ldsw,https://w3id.org/ldsw/,canonical
w3id,legal_form,https://w3id.org/legal_form/,canonical
w3id,legalhtml,https://w3id.org/legalhtml/,canonical
w3id,lemon-tree,https://w3id.org/lemon-tree/,canonical
w3id,leo,https://w3id.org/leo/,canonical
w3id,ler,https://w3id.org/ler/,canonical
w3id,libeas,https://w3id.org/libeas/,canonical
w3id,library,https://w3id.org/library/,canonical
w3id,libris,https://w3id.org/libris/,canonical
w3id,lindt,https://w3id.org/lindt/,canonical
w3id,linked-fiestas,https://w3id.org/linked-fiestas/,canonical
w3id,linkedEarth,https://w3id.org/linkedEarth/,canonical
w3id,linkedsensor,https://w3id.org/linkedsensor/,canonical
w3id,linkflows,https://w3id.org/linkflows/,canonical
w3id,linkgen,https://w3id.org/linkgen/,canonical
w3id,linkml,https://w3id.org/linkml/,canonical
w3id,lio,https://w3id.org/lio/,canonical
w3id,list,https://w3id.org/list/,canonical
w3id,listdb,https://w3id.org/listdb/,canonical
w3id,lit,https://w3id.org/lit/,canonical
w3id,livingreviews,https://w3id.org/livingreviews/,canonical
w3id,lmodel,https://w3id.org/lmodel/,canonical
w3id,ln,https://w3id.org/ln/,canonical
w3id,lob,https://w3id.org/lob/,canonical
w3id,lobid,https://w3id.org/lobid/,canonical
w3id,locolligo,https://w3id.org/locolligo/,canonical
w3id,lode,https://w3id.org/lode/,canonical
w3id,lodedo,https://w3id.org/lodedo/,canonical
w3id,lodquator,https://w3id.org/lodquator/,canonical
w3id,lodsight,https://w3id.org/lodsight/,canonical
w3id,loin,https://w3id.org/loin/,canonical
w3id,loinc2hpo,https://w3id.org/loinc2hpo/,canonical
w3id,lomap,https://w3id.org/lomap/,canonical
w3id,loupe,https://w3id.org/loupe/,canonical
w3id,lovcube,https://w3id.org/lovcube/,canonical
w3id,LPT,https://w3id.org/LPT/,canonical
w3id,lpto,https://w3id.org/lpto/,canonical
w3id,lrm,https://w3id.org/lrm/,canonical
w3id,lsd,https://w3id.org/lsd/,canonical
w3id,lso,https://w3id.org/lso/,canonical
w3id,lsq,https://w3id.org/lsq/,canonical
w3id,lss-usdl,https://w3id.org/lss-usdl/,canonical
w3id,lumc,https://w3id.org/lumc/,canonical
w3id,lustre,https://w3id.org/lustre/,canonical
w3id,Mach30,https://w3id.org/Mach30/,canonical
w3id,madmp,https://w3id.org/madmp/,canonical
w3id,makg,https://w3id.org/makg/,canonical
w3id,malke,https://w3id.org/malke/,canonical
w3id,mapvowl,https://w3id.org/mapvowl/,canonical
w3id,mare,https://w3id.org/mare/,canonical
w3id,matolab,https://w3id.org/matolab/,canonical
w3id,mbl,https://w3id.org/mbl/,canonical
w3id,mdc-docs,https://w3id.org/mdc-docs/,canonical
w3id,mdo,https://w3id.org/mdo/,canonical
w3id,measurements4eepsa,https://w3id.org/measurements4eepsa/,canonical
w3id,measurements4pfeepsa,https://w3id.org/measurements4pfeepsa/,canonical
w3id,media,https://w3id.org/media/,canonical
w3id,mediatype,https://w3id.org/mediatype/,canonical
w3id,medred,https://w3id.org/medred/,canonical
w3id,medtag,https://w3id.org/medtag/,canonical
w3id,meta,https://w3id.org/meta/,canonical
w3id,meta-share,https://w3id.org/meta-share/,canonical
w3id,metabelgica,https://w3id.org/metabelgica/,canonical
w3id,metadocencia,https://w3id.org/metadocencia/,canonical
w3id,metamodeling,https://w3id.org/metamodeling/,canonical
w3id,mex,https://w3id.org/mex/,canonical
w3id,mgkb,https://w3id.org/mgkb/,canonical
w3id,mica,https://w3id.org/mica/,canonical
w3id,micoll-map,https://w3id.org/micoll-map/,canonical
w3id,midas-catalog,https://w3id.org/midas-catalog/,canonical
w3id,midas-metadata,https://w3id.org/midas-metadata/,canonical
w3id,mifesto,https://w3id.org/mifesto/,canonical
w3id,minerva,https://w3id.org/minerva/,canonical
w3id,mint,https://w3id.org/mint/,canonical
w3id,minte,https://w3id.org/minte/,canonical
w3id,mira,https://w3id.org/mira/,canonical
w3id,mircat,https://w3id.org/mircat/,canonical
w3id,mixs,https://w3id.org/mixs/,canonical
w3id,mixs-6-2-rc,https://w3id.org/mixs-6-2-rc/,canonical
w3id,mknd,https://w3id.org/mknd/,canonical
w3id,mlao,https://w3id.org/mlao/,canonical
w3id,mlsea,https://w3id.org/mlsea/,canonical
w3id,mlsea-kg,https://w3id.org/mlsea-kg/,canonical
w3id,mlseascape,https://w3id.org/mlseascape/,canonical
w3id,mlso,https://w3id.org/mlso/,canonical
w3id,mm,https://w3id.org/mm/,canonical
w3id,mo,https://w3id.org/mo/,canonical
w3id,mo-ld,https://w3id.org/mo-ld/,canonical
w3id,mobility,https://w3id.org/mobility/,canonical
w3id,mobilitydcat-ap,https://w3id.org/mobilitydcat-ap/,canonical
w3id,mod,https://w3id.org/mod/,canonical
w3id,moeebius,https://w3id.org/moeebius/,canonical
w3id,moid,https://w3id.org/moid/,canonical
w3id,mojo-ac,https://w3id.org/mojo-ac/,canonical
w3id,MOLA,https://w3id.org/MOLA/,canonical
w3id,molepi,https://w3id.org/molepi/,canonical
w3id,MON,https://w3id.org/MON/,canonical
w3id,montolo,https://w3id.org/montolo/,canonical
w3id,moody,https://w3id.org/moody/,canonical
w3id,moont,https://w3id.org/moont/,canonical
w3id,MoRe-SFB1475,https://w3id.org/MoRe-SFB1475/,canonical
w3id,moro,https://w3id.org/moro/,canonical
w3id,mosaic,https://w3id.org/mosaic/,canonical
w3id,mpilhlt,https://w3id.org/mpilhlt/,canonical
w3id,MQIO,https://w3id.org/MQIO/,canonical
w3id,MQIO-metrics,https://w3id.org/MQIO-metrics/,canonical
w3id,mqtt-plan,https://w3id.org/mqtt-plan/,canonical
w3id,MQV,https://w3id.org/MQV/,canonical
w3id,msl,https://w3id.org/msl/,canonical
w3id,mt-metadata,https://w3id.org/mt-metadata/,canonical
w3id,mtbls-ejprd,https://w3id.org/mtbls-ejprd/,canonical
w3id,mtv,https://w3id.org/mtv/,canonical
w3id,MULTI,https://w3id.org/MULTI/,canonical
w3id,multi-workshop,https://w3id.org/multi-workshop/,canonical
w3id,multidimensional-interface,https://w3id.org/multidimensional-interface/,canonical
w3id,multidimensional-quantity,https://w3id.org/multidimensional-quantity/,canonical
w3id,mumonut,https://w3id.org/mumonut/,canonical
w3id,musco,https://w3id.org/musco/,canonical
w3id,music-annotation,https://w3id.org/music-annotation/,canonical
w3id,music-circle,https://w3id.org/music-circle/,canonical
w3id,musico,https://w3id.org/musico/,canonical
w3id,musow,https://w3id.org/musow/,canonical
w3id,n2t,https://w3id.org/n2t/,canonical
w3id,nanolinks,https://w3id.org/nanolinks/,canonical
w3id,nanoweb,https://w3id.org/nanoweb/,canonical
w3id,national-ocean-council,https://w3id.org/national-ocean-council/,canonical
w3id,navigation_menu,https://w3id.org/navigation_menu/,canonical
w3id,nddo,https://w3id.org/nddo/,canonical
w3id,neat-ml,https://w3id.org/neat-ml/,canonical
w3id,nellrdf,https://w3id.org/nellrdf/,canonical
w3id,nen2660,https://w3id.org/nen2660/,canonical
w3id,neptis,https://w3id.org/neptis/,canonical
w3id,netbeheer,https://w3id.org/netbeheer/,canonical
w3id,netzsch,https://w3id.org/netzsch/,canonical
w3id,neural-electronic-interface-ontology,https://w3id.org/neural-electronic-interface-ontology/,canonical
w3id,neural-sparql-machines,https://w3id.org/neural-sparql-machines/,canonical
w3id,neurodisk,https://w3id.org/neurodisk/,canonical
w3id,nfdi4cat,https://w3id.org/nfdi4cat/,canonical
w3id,nfdi4ing,https://w3id.org/nfdi4ing/,canonical
w3id,nfsec,https://w3id.org/nfsec/,canonical
w3id,nidash,https://w3id.org/nidash/,canonical
w3id,nipype,https://w3id.org/nipype/,canonical
w3id,niw,https://w3id.org/niw/,canonical
w3id,nkos,https://w3id.org/nkos/,canonical
w3id,nlp,https://w3id.org/nlp/,canonical
w3id,nls,https://w3id.org/nls/,canonical
w3id,nmdc,https://w3id.org/nmdc/,canonical
w3id,nmdr,https://w3id.org/nmdr/,canonical
w3id,nno,https://w3id.org/nno/,canonical
w3id,noria,https://w3id.org/noria/,canonical
w3id,nostr,https://w3id.org/nostr/,canonical
w3id,np,https://w3id.org/np/,canonical
w3id,ns,https://w3id.org/ns/,canonical
w3id,nsd,https://w3id.org/nsd/,canonical
w3id,nsdra,https://w3id.org/nsdra/,canonical
w3id,nsk,https://w3id.org/nsk/,canonical
w3id,nta8035,https://w3id.org/nta8035/,canonical
w3id,nwo-research-fields,https://w3id.org/nwo-research-fields/,canonical
w3id,nxdg,https://w3id.org/nxdg/,canonical
w3id,oac,https://w3id.org/oac/,canonical
w3id,oak,https://w3id.org/oak/,canonical
w3id,obda,https://w3id.org/obda/,canonical
w3id,obelisk,https://w3id.org/obelisk/,canonical
w3id,obo,https://w3id.org/obo/,canonical
w3id,obpa,https://w3id.org/obpa/,canonical
w3id,obpd,https://w3id.org/obpd/,canonical
w3id,oc,https://w3id.org/oc/,canonical
w3id,occ,https://w3id.org/occ/,canonical
w3id,ocedo,https://w3id.org/ocedo/,canonical
w3id,OCL-SOP,https://w3id.org/OCL-SOP/,canonical
w3id,ocqa,https://w3id.org/ocqa/,canonical
w3id,ocs,https://w3id.org/ocs/,canonical
w3id,ocsm,https://w3id.org/ocsm/,canonical
w3id,ODE_AM,https://w3id.org/ODE_AM/,canonical
w3id,odi,https://w3id.org/odi/,canonical
w3id,odissei,https://w3id.org/odissei/,canonical
w3id,ods,https://w3id.org/ods/,canonical
w3id,oebDataFormats,https://w3id.org/oebDataFormats/,canonical
w3id,oebDatasets,https://w3id.org/oebDatasets/,canonical
w3id,oerbase,https://w3id.org/oerbase/,canonical
w3id,ofo,https://w3id.org/ofo/,canonical
w3id,ogc,https://w3id.org/ogc/,canonical
w3id,oho,https://w3id.org/oho/,canonical
w3id,okg,https://w3id.org/okg/,canonical
w3id,okn,https://w3id.org/okn/,canonical
w3id,okp4,https://w3id.org/okp4/,canonical
w3id,olu,https://w3id.org/olu/,canonical
w3id,omega-x,https://w3id.org/omega-x/,canonical
w3id,omg,https://w3id.org/omg/,canonical
w3id,omicron,https://w3id.org/omicron/,canonical
w3id,omn,https://w3id.org/omn/,canonical
w3id,omop,https://w3id.org/omop/,canonical
w3id,onderwijs-vlaanderen,https://w3id.org/onderwijs-vlaanderen/,canonical
w3id,onto4drone,https://w3id.org/onto4drone/,canonical
w3id,ontobio,https://w3id.org/ontobio/,canonical
w3id,ontoboldt,https://w3id.org/ontoboldt/,canonical
w3id,ontobpr,https://w3id.org/ontobpr/,canonical
w3id,ontocis,https://w3id.org/ontocis/,canonical
w3id,ontocity,https://w3id.org/ontocity/,canonical
w3id,OntoDM-core-extended,https://w3id.org/OntoDM-core-extended/,canonical
w3id,OntoDocRel,https://w3id.org/OntoDocRel/,canonical
w3id,OntoDT-extended,https://w3id.org/OntoDT-extended/,canonical
w3id,ontoeditor,https://w3id.org/ontoeditor/,canonical
w3id,ontoeng,https://w3id.org/ontoeng/,canonical
w3id,OntoExhibit,https://w3id.org/OntoExhibit/,canonical
w3id,ontoexp,https://w3id.org/ontoexp/,canonical
w3id,ontofnct,https://w3id.org/ontofnct/,canonical
w3id,ontogen,https://w3id.org/ontogen/,canonical
w3id,ontogpt,https://w3id.org/ontogpt/,canonical
w3id,OntoGraphDB,https://w3id.org/OntoGraphDB/,canonical
w3id,ontoim,https://w3id.org/ontoim/,canonical
w3id,ontoindire,https://w3id.org/ontoindire/,canonical
w3id,ontolink,https://w3id.org/ontolink/,canonical
w3id,ontomlc,https://w3id.org/ontomlc/,canonical
w3id,ontoology,https://w3id.org/ontoology/,canonical
w3id,ontop,https://w3id.org/ontop/,canonical
w3id,ontopbm,https://w3id.org/ontopbm/,canonical
w3id,ontopbm-aquatic,https://w3id.org/ontopbm-aquatic/,canonical
w3id,ontopbm-watershed,https://w3id.org/ontopbm-watershed/,canonical
w3id,OntoSecurityGraphDB,https://w3id.org/OntoSecurityGraphDB/,canonical
w3id,ontosenticnet,https://w3id.org/ontosenticnet/,canonical
w3id,ontosoft,https://w3id.org/ontosoft/,canonical
w3id,ontosoft-vff,https://w3id.org/ontosoft-vff/,canonical
w3id,ontouml,https://w3id.org/ontouml/,canonical
w3id,ontouml-models,https://w3id.org/ontouml-models/,canonical
w3id,ontove,https://w3id.org/ontove/,canonical
w3id,ontox,https://w3id.org/ontox/,canonical
w3id,oop,https://w3id.org/oop/,canonical
w3id,OOSMP,https://w3id.org/OOSMP/,canonical
w3id,ooxml,https://w3id.org/ooxml/,canonical
w3id,openbadges,https://w3id.org/openbadges/,canonical
w3id,opencare,https://w3id.org/opencare/,canonical
w3id,openebench,https://w3id.org/openebench/,canonical
w3id,openeduhub,https://w3id.org/openeduhub/,canonical
w3id,openfooddata,https://w3id.org/openfooddata/,canonical
w3id,opengtsc,https://w3id.org/opengtsc/,canonical
w3id,openmhealth,https://w3id.org/openmhealth/,canonical
w3id,openstreetmap,https://w3id.org/openstreetmap/,canonical
w3id,opentecr,https://w3id.org/opentecr/,canonical
w3id,opentrafficlights,https://w3id.org/opentrafficlights/,canonical
w3id,OPLaX,https://w3id.org/OPLaX/,canonical
w3id,opm,https://w3id.org/opm/,canonical
w3id,ops,https://w3id.org/ops/,canonical
w3id,orb,https://w3id.org/orb/,canonical
w3id,orca-x,https://w3id.org/orca-x/,canonical
w3id,orcidio,https://w3id.org/orcidio/,canonical
w3id,ore,https://w3id.org/ore/,canonical
w3id,organization,https://w3id.org/organization/,canonical
w3id,orka,https://w3id.org/orka/,canonical
w3id,orphadata,https://w3id.org/orphadata/,canonical
w3id,OSCD,https://w3id.org/OSCD/,canonical
w3id,osdu,https://w3id.org/osdu/,canonical
w3id,oseg,https://w3id.org/oseg/,canonical
w3id,oso,https://w3id.org/oso/,canonical
w3id,ost,https://w3id.org/ost/,canonical
w3id,ovama-proms,https://w3id.org/ovama-proms/,canonical
w3id,OWLChangeOntology,https://w3id.org/OWLChangeOntology/,canonical
w3id,OWLToOAS,https://w3id.org/OWLToOAS/,canonical
w3id,OWLunit,https://w3id.org/OWLunit/,canonical
w3id,own,https://w3id.org/own/,canonical
w3id,ozcar-theia,https://w3id.org/ozcar-theia/,canonical
w3id,pandp,https://w3id.org/pandp/,canonical
w3id,paradise,https://w3id.org/paradise/,canonical
w3id,patent_ontologies,https://w3id.org/patent_ontologies/,canonical
w3id,payments,https://w3id.org/payments/,canonical
w3id,payswarm,https://w3id.org/payswarm/,canonical
w3id,pbac,https://w3id.org/pbac/,canonical
w3id,pbs,https://w3id.org/pbs/,canonical
w3id,pc,https://w3id.org/pc/,canonical
w3id,peco,https://w3id.org/peco/,canonical
w3id,pedigree,https://w3id.org/pedigree/,canonical
w3id,peh,https://w3id.org/peh/,canonical
w3id,people,https://w3id.org/people/,canonical
w3id,pep,https://w3id.org/pep/,canonical
w3id,per,https://w3id.org/per/,canonical
w3id,peripleo,https://w3id.org/peripleo/,canonical
w3id,periscope,https://w3id.org/periscope/,canonical
w3id,permafrost,https://w3id.org/permafrost/,canonical
w3id,pet,https://w3id.org/pet/,canonical
w3id,pfeepsa,https://w3id.org/pfeepsa/,canonical
w3id,pghdprovo,https://w3id.org/pghdprovo/,canonical
w3id,pgp,https://w3id.org/pgp/,canonical
w3id,pharmaccess,https://w3id.org/pharmaccess/,canonical
w3id,phuse,https://w3id.org/phuse/,canonical
w3id,phydit,https://w3id.org/phydit/,canonical
w3id,pizza2,https://w3id.org/pizza2/,canonical
w3id,pkd4wod,https://w3id.org/pkd4wod/,canonical
w3id,pkg,https://w3id.org/pkg/,canonical
w3id,pko,https://w3id.org/pko/,canonical
w3id,plasma,https://w3id.org/plasma/,canonical
w3id,platoon,https://w3id.org/platoon/,canonical
w3id,plattform-i40,https://w3id.org/plattform-i40/,canonical
w3id,plegma_labs,https://w3id.org/plegma_labs/,canonical
w3id,plp,https://w3id.org/plp/,canonical
w3id,pm,https://w3id.org/pm/,canonical
w3id,pmd,https://w3id.org/pmd/,canonical
w3id,pmlm,https://w3id.org/pmlm/,canonical
w3id,pnv,https://w3id.org/pnv/,canonical
w3id,PO2,https://w3id.org/PO2/,canonical
w3id,podio,https://w3id.org/podio/,canonical
w3id,polifonia,https://w3id.org/polifonia/,canonical
w3id,polymat,https://w3id.org/polymat/,canonical
w3id,polyneme,https://w3id.org/polyneme/,canonical
w3id,pomega,https://w3id.org/pomega/,canonical
w3id,pope,https://w3id.org/pope/,canonical
w3id,poseidon,https://w3id.org/poseidon/,canonical
w3id,poultryFarms4eepsa,https://w3id.org/poultryFarms4eepsa/,canonical
w3id,ppdb,https://w3id.org/ppdb/,canonical
w3id,ppon,https://w3id.org/ppon/,canonical
w3id,ppop,https://w3id.org/ppop/,canonical
w3id,premon,https://w3id.org/premon/,canonical
w3id,probs-lab,https://w3id.org/probs-lab/,canonical
w3id,profile,https://w3id.org/profile/,canonical
w3id,profileresourcerole,https://w3id.org/profileresourcerole/,canonical
w3id,prohow,https://w3id.org/prohow/,canonical
w3id,promis-proms,https://w3id.org/promis-proms/,canonical
w3id,proteinkg65,https://w3id.org/proteinkg65/,canonical
w3id,PROV-K,https://w3id.org/PROV-K/,canonical
w3id,provcorp,https://w3id.org/provcorp/,canonical
w3id,psnpbind,https://w3id.org/psnpbind/,canonical
w3id,publiccode,https://w3id.org/publiccode/,canonical
w3id,pvont,https://w3id.org/pvont/,canonical
w3id,pygraft,https://w3id.org/pygraft/,canonical
w3id,qb4solap,https://w3id.org/qb4solap/,canonical
w3id,quality,https://w3id.org/quality/,canonical
w3id,qudt,https://w3id.org/qudt/,canonical
w3id,quid,https://w3id.org/quid/,canonical
w3id,r74n,https://w3id.org/r74n/,canonical
w3id,radx,https://w3id.org/radx/,canonical
w3id,rai,https://w3id.org/rai/,canonical
w3id,rail,https://w3id.org/rail/,canonical
w3id,rains,https://w3id.org/rains/,canonical
w3id,RAND,https://w3id.org/RAND/,canonical
w3id,rash,https://w3id.org/rash/,canonical
w3id,rbeepsa,https://w3id.org/rbeepsa/,canonical
w3id,rc,https://w3id.org/rc/,canonical
w3id,rd-fairmetrics,https://w3id.org/rd-fairmetrics/,canonical
w3id,rd-fairness-tests,https://w3id.org/rd-fairness-tests/,canonical
w3id,rdf-connect,https://w3id.org/rdf-connect/,canonical
w3id,rdf-spreadsheet,https://w3id.org/rdf-spreadsheet/,canonical
w3id,rdfbones,https://w3id.org/rdfbones/,canonical
w3id,rdfp,https://w3id.org/rdfp/,canonical
w3id,rdfqar,https://w3id.org/rdfqar/,canonical
w3id,rdw,https://w3id.org/rdw/,canonical
w3id,react,https://w3id.org/react/,canonical
w3id,readi,https://w3id.org/readi/,canonical
w3id,rebase,https://w3id.org/rebase/,canonical
w3id,rec,https://w3id.org/rec/,canonical
w3id,related-to,https://w3id.org/related-to/,canonical
w3id,reloc,https://w3id.org/reloc/,canonical
w3id,relod,https://w3id.org/relod/,canonical
w3id,REPOWL,https://w3id.org/REPOWL/,canonical
w3id,reproduceme,https://w3id.org/reproduceme/,canonical
w3id,requirement-ontology,https://w3id.org/requirement-ontology/,canonical
w3id,research-technology-readiness-levels,https://w3id.org/research-technology-readiness-levels/,canonical
w3id,reseo,https://w3id.org/reseo/,canonical
w3id,reshare,https://w3id.org/reshare/,canonical
w3id,resiliont,https://w3id.org/resiliont/,canonical
w3id,resource2vec,https://w3id.org/resource2vec/,canonical
w3id,respond,https://w3id.org/respond/,canonical
w3id,resriskonto,https://w3id.org/resriskonto/,canonical
w3id,reward-ontology,https://w3id.org/reward-ontology/,canonical
w3id,rg-mpg-de,https://w3id.org/rg-mpg-de/,canonical
w3id,rgom,https://w3id.org/rgom/,canonical
w3id,rhonda,https://w3id.org/rhonda/,canonical
w3id,ride2rail,https://w3id.org/ride2rail/,canonical
w3id,rights-vocabulary,https://w3id.org/rights-vocabulary/,canonical
w3id,rio,https://w3id.org/rio/,canonical
w3id,risk,https://w3id.org/risk/,canonical
w3id,riskman,https://w3id.org/riskman/,canonical
w3id,riskonto,https://w3id.org/riskonto/,canonical
w3id,riverbench,https://w3id.org/riverbench/,canonical
w3id,rmco,https://w3id.org/rmco/,canonical
w3id,rml,https://w3id.org/rml/,canonical
w3id,rmldoc,https://w3id.org/rmldoc/,canonical
w3id,ro,https://w3id.org/ro/,canonical
w3id,ro-id,https://w3id.org/ro-id/,canonical
w3id,ro-id-dev,https://w3id.org/ro-id-dev/,canonical
w3id,roar,https://w3id.org/roar/,canonical
w3id,roh,https://w3id.org/roh/,canonical
w3id,role,https://w3id.org/role/,canonical
w3id,rorio,https://w3id.org/rorio/,canonical
w3id,rp,https://w3id.org/rp/,canonical
w3id,rsp,https://w3id.org/rsp/,canonical
w3id,rsp4j,https://w3id.org/rsp4j/,canonical
w3id,rtc,https://w3id.org/rtc/,canonical
w3id,rv-ontology,https://w3id.org/rv-ontology/,canonical
w3id,rvo,https://w3id.org/rvo/,canonical
w3id,s3n,https://w3id.org/s3n/,canonical
w3id,saegroup,https://w3id.org/saegroup/,canonical
w3id,salmon,https://w3id.org/salmon/,canonical
w3id,salon,https://w3id.org/salon/,canonical
w3id,sao,https://w3id.org/sao/,canonical
w3id,saqi,https://w3id.org/saqi/,canonical
w3id,saref,https://w3id.org/saref/,canonical
w3id,saref4ee,https://w3id.org/saref4ee/,canonical
w3id,saref4ener,https://w3id.org/saref4ener/,canonical
w3id,sari,https://w3id.org/sari/,canonical
w3id,saro,https://w3id.org/saro/,canonical
w3id,satellite,https://w3id.org/satellite/,canonical
w3id,sbeo,https://w3id.org/sbeo/,canonical
w3id,scc,https://w3id.org/scc/,canonical
w3id,scdv,https://w3id.org/scdv/,canonical
w3id,scholarlydata,https://w3id.org/scholarlydata/,canonical
w3id,scs,https://w3id.org/scs/,canonical
w3id,sdc,https://w3id.org/sdc/,canonical
w3id,SDEBM,https://w3id.org/SDEBM/,canonical
w3id,sdids,https://w3id.org/sdids/,canonical
w3id,sdo,https://w3id.org/sdo/,canonical
w3id,sdpo,https://w3id.org/sdpo/,canonical
w3id,sds,https://w3id.org/sds/,canonical
w3id,se,https://w3id.org/se/,canonical
w3id,sea-lod,https://w3id.org/sea-lod/,canonical
w3id,SeaChange,https://w3id.org/SeaChange/,canonical
w3id,seas,https://w3id.org/seas/,canonical
w3id,sebi,https://w3id.org/sebi/,canonical
w3id,security,https://w3id.org/security/,canonical
w3id,sedimark,https://w3id.org/sedimark/,canonical
w3id,segittur,https://w3id.org/segittur/,canonical
w3id,sek4eepsa,https://w3id.org/sek4eepsa/,canonical
w3id,sek4pfeepsa,https://w3id.org/sek4pfeepsa/,canonical
w3id,semanticarts,https://w3id.org/semanticarts/,canonical
w3id,semapv,https://w3id.org/semapv/,canonical
w3id,semcon,https://w3id.org/semcon/,canonical
w3id,SemicONTO,https://w3id.org/SemicONTO/,canonical
w3id,semioe,https://w3id.org/semioe/,canonical
w3id,semiot,https://w3id.org/semiot/,canonical
w3id,semmd,https://w3id.org/semmd/,canonical
w3id,SemOpenAlex,https://w3id.org/SemOpenAlex/,canonical
w3id,semsci,https://w3id.org/semsci/,canonical
w3id,SemSur,https://w3id.org/SemSur/,canonical
w3id,semsys,https://w3id.org/semsys/,canonical
w3id,semtk,https://w3id.org/semtk/,canonical
w3id,seneca,https://w3id.org/seneca/,canonical
w3id,sense,https://w3id.org/sense/,canonical
w3id,sensotwin,https://w3id.org/sensotwin/,canonical
w3id,sentitrack,https://w3id.org/sentitrack/,canonical
w3id,seo,https://w3id.org/seo/,canonical
w3id,seovoc,https://w3id.org/seovoc/,canonical
w3id,sepses,https://w3id.org/sepses/,canonical
w3id,serdif,https://w3id.org/serdif/,canonical
w3id,sfs-ontology,https://w3id.org/sfs-ontology/,canonical
w3id,sgov,https://w3id.org/sgov/,canonical
w3id,shack,https://w3id.org/shack/,canonical
w3id,shacl2fol,https://w3id.org/shacl2fol/,canonical
w3id,shp,https://w3id.org/shp/,canonical
w3id,signposting-tutorial,https://w3id.org/signposting-tutorial/,canonical
w3id,simpathic,https://w3id.org/simpathic/,canonical
w3id,simulation,https://w3id.org/simulation/,canonical
w3id,sip,https://w3id.org/sip/,canonical
w3id,sirius,https://w3id.org/sirius/,canonical
w3id,situannotate,https://w3id.org/situannotate/,canonical
w3id,sketup,https://w3id.org/sketup/,canonical
w3id,sketx,https://w3id.org/sketx/,canonical
w3id,skg,https://w3id.org/skg/,canonical
w3id,skg-if,https://w3id.org/skg-if/,canonical
w3id,skgo,https://w3id.org/skgo/,canonical
w3id,skz,https://w3id.org/skz/,canonical
w3id,slo,https://w3id.org/slo/,canonical
w3id,sm,https://w3id.org/sm/,canonical
w3id,smarcql,https://w3id.org/smarcql/,canonical
w3id,smart-sensing,https://w3id.org/smart-sensing/,canonical
w3id,smartcare-fdp,https://w3id.org/smartcare-fdp/,canonical
w3id,smartedge,https://w3id.org/smartedge/,canonical
w3id,smartenvironment,https://w3id.org/smartenvironment/,canonical
w3id,smartflanders,https://w3id.org/smartflanders/,canonical
w3id,smetzger,https://w3id.org/smetzger/,canonical
w3id,smi,https://w3id.org/smi/,canonical
w3id,sml,https://w3id.org/sml/,canonical
w3id,SocDOnt,https://w3id.org/SocDOnt/,canonical
w3id,sociallink,https://w3id.org/sociallink/,canonical
w3id,socomp,https://w3id.org/socomp/,canonical
w3id,soflim4kg,https://w3id.org/soflim4kg/,canonical
w3id,softalias,https://w3id.org/softalias/,canonical
w3id,software-iodata,https://w3id.org/software-iodata/,canonical
w3id,software-types,https://w3id.org/software-types/,canonical
w3id,softwareCredit,https://w3id.org/softwareCredit/,canonical
w3id,solar,https://w3id.org/solar/,canonical
w3id,solid,https://w3id.org/solid/,canonical
w3id,sona,https://w3id.org/sona/,canonical
w3id,sora,https://w3id.org/sora/,canonical
w3id,soya,https://w3id.org/soya/,canonical
w3id,spar,https://w3id.org/spar/,canonical
w3id,sparql-generate,https://w3id.org/sparql-generate/,canonical
w3id,special,https://w3id.org/special/,canonical
w3id,spew,https://w3id.org/spew/,canonical
w3id,spice,https://w3id.org/spice/,canonical
w3id,spm,https://w3id.org/spm/,canonical
w3id,spoi,https://w3id.org/spoi/,canonical
w3id,SpOTy,https://w3id.org/SpOTy/,canonical
w3id,sqo,https://w3id.org/sqo/,canonical
w3id,squap,https://w3id.org/squap/,canonical
w3id,squirrel,https://w3id.org/squirrel/,canonical
w3id,sri,https://w3id.org/sri/,canonical
w3id,sri-lanka,https://w3id.org/sri-lanka/,canonical
w3id,srmo,https://w3id.org/srmo/,canonical
w3id,srr,https://w3id.org/srr/,canonical
w3id,srt,https://w3id.org/srt/,canonical
w3id,sskg,https://w3id.org/sskg/,canonical
w3id,sssom,https://w3id.org/sssom/,canonical
w3id,ssv,https://w3id.org/ssv/,canonical
w3id,stahl,https://w3id.org/stahl/,canonical
w3id,stap,https://w3id.org/stap/,canonical
w3id,stargate-h2020,https://w3id.org/stargate-h2020/,canonical
w3id,stav,https://w3id.org/stav/,canonical
w3id,stax,https://w3id.org/stax/,canonical
w3id,steel,https://w3id.org/steel/,canonical
w3id,stirdata,https://w3id.org/stirdata/,canonical
w3id,stlab,https://w3id.org/stlab/,canonical
w3id,stn,https://w3id.org/stn/,canonical
w3id,stopp,https://w3id.org/stopp/,canonical
w3id,str,https://w3id.org/str/,canonical
w3id,STREAM,https://w3id.org/STREAM/,canonical
w3id,strenda,https://w3id.org/strenda/,canonical
w3id,suff,https://w3id.org/suff/,canonical
w3id,sukilam-educational-metadata,https://w3id.org/sukilam-educational-metadata/,canonical
w3id,sumo,https://w3id.org/sumo/,canonical
w3id,survey-ontology,https://w3id.org/survey-ontology/,canonical
w3id,sw4ml-datasets,https://w3id.org/sw4ml-datasets/,canonical
w3id,swerik,https://w3id.org/swerik/,canonical
w3id,swot,https://w3id.org/swot/,canonical
w3id,sxacml,https://w3id.org/sxacml/,canonical
w3id,synbio,https://w3id.org/synbio/,canonical
w3id,synthmorph,https://w3id.org/synthmorph/,canonical
w3id,synthstrip,https://w3id.org/synthstrip/,canonical
w3id,t-rex,https://w3id.org/t-rex/,canonical
w3id,t-sita,https://w3id.org/t-sita/,canonical
w3id,tangpoem,https://w3id.org/tangpoem/,canonical
w3id,tao,https://w3id.org/tao/,canonical
w3id,tate-skos,https://w3id.org/tate-skos/,canonical
w3id,tav,https://w3id.org/tav/,canonical
w3id,tawc,https://w3id.org/tawc/,canonical
w3id,td,https://w3id.org/td/,canonical
w3id,tdy,https://w3id.org/tdy/,canonical
w3id,teamingai,https://w3id.org/teamingai/,canonical
w3id,tec-toolkit,https://w3id.org/tec-toolkit/,canonical
w3id,tekniker,https://w3id.org/tekniker/,canonical
w3id,termcat-ld,https://w3id.org/termcat-ld/,canonical
w3id,tern,https://w3id.org/tern/,canonical
w3id,terror,https://w3id.org/terror/,canonical
w3id,testalod,https://w3id.org/testalod/,canonical
w3id,testlink,https://w3id.org/testlink/,canonical
w3id,ThAO,https://w3id.org/ThAO/,canonical
w3id,thor,https://w3id.org/thor/,canonical
w3id,tib,https://w3id.org/tib/,canonical
w3id,timebank,https://w3id.org/timebank/,canonical
w3id,timefuncs,https://w3id.org/timefuncs/,canonical
w3id,tinyml-schema,https://w3id.org/tinyml-schema/,canonical
w3id,todo,https://w3id.org/todo/,canonical
w3id,token,https://w3id.org/token/,canonical
w3id,tonto,https://w3id.org/tonto/,canonical
w3id,toolhub,https://w3id.org/toolhub/,canonical
w3id,top-level,https://w3id.org/top-level/,canonical
w3id,topologicpy,https://w3id.org/topologicpy/,canonical
w3id,traceability,https://w3id.org/traceability/,canonical
w3id,tractusx,https://w3id.org/tractusx/,canonical
w3id,transmodel,https://w3id.org/transmodel/,canonical
w3id,tree,https://w3id.org/tree/,canonical
w3id,trek,https://w3id.org/trek/,canonical
w3id,tribont,https://w3id.org/tribont/,canonical
w3id,TRO,https://w3id.org/TRO/,canonical
w3id,truecred,https://w3id.org/truecred/,canonical
w3id,trusted-wfrun-crate,https://w3id.org/trusted-wfrun-crate/,canonical
w3id,tso,https://w3id.org/tso/,canonical
w3id,tsso,https://w3id.org/tsso/,canonical
w3id,ttla,https://w3id.org/ttla/,canonical
w3id,TTRpg,https://w3id.org/TTRpg/,canonical
w3id,tvprogr,https://w3id.org/tvprogr/,canonical
w3id,tvstationjp,https://w3id.org/tvstationjp/,canonical
w3id,twins,https://w3id.org/twins/,canonical
w3id,uco,https://w3id.org/uco/,canonical
w3id,udo,https://w3id.org/udo/,canonical
w3id,ufo,https://w3id.org/ufo/,canonical
w3id,uh-linked-data,https://w3id.org/uh-linked-data/,canonical
w3id,um,https://w3id.org/um/,canonical
w3id,umms,https://w3id.org/umms/,canonical
w3id,un,https://w3id.org/un/,canonical
w3id,UnderRepresentedWritersOntology,https://w3id.org/UnderRepresentedWritersOntology/,canonical
w3id,unife,https://w3id.org/unife/,canonical
w3id,unified-engineering,https://w3id.org/unified-engineering/,canonical
w3id,unileiden,https://w3id.org/unileiden/,canonical
w3id,unit,https://w3id.org/unit/,canonical
w3id,UniverseTBD,https://w3id.org/UniverseTBD/,canonical
w3id,university,https://w3id.org/university/,canonical
w3id,unocs,https://w3id.org/unocs/,canonical
w3id,uom,https://w3id.org/uom/,canonical
w3id,urban-iot,https://w3id.org/urban-iot/,canonical
w3id,uri4uri,https://w3id.org/uri4uri/,canonical
w3id,usability,https://w3id.org/usability/,canonical
w3id,user,https://w3id.org/user/,canonical
w3id,usgs,https://w3id.org/usgs/,canonical
w3id,utopia,https://w3id.org/utopia/,canonical
w3id,uva,https://w3id.org/uva/,canonical
w3id,vacceval,https://w3id.org/vacceval/,canonical
w3id,vaccination,https://w3id.org/vaccination/,canonical
w3id,vacseen,https://w3id.org/vacseen/,canonical
w3id,vair,https://w3id.org/vair/,canonical
w3id,valueflows,https://w3id.org/valueflows/,canonical
w3id,var,https://w3id.org/var/,canonical
w3id,vc,https://w3id.org/vc/,canonical
w3id,vc-barcodes,https://w3id.org/vc-barcodes/,canonical
w3id,vc-http-api,https://w3id.org/vc-http-api/,canonical
w3id,vc-refresh-service,https://w3id.org/vc-refresh-service/,canonical
w3id,vc-revocation-list-2020,https://w3id.org/vc-revocation-list-2020/,canonical
w3id,vcb,https://w3id.org/vcb/,canonical
w3id,vdl,https://w3id.org/vdl/,canonical
w3id,vehicle,https://w3id.org/vehicle/,canonical
w3id,vep-ejprd,https://w3id.org/vep-ejprd/,canonical
w3id,verb,https://w3id.org/verb/,canonical
w3id,veres-one,https://w3id.org/veres-one/,canonical
w3id,verifiable-claims,https://w3id.org/verifiable-claims/,canonical
w3id,version,https://w3id.org/version/,canonical
w3id,vhbieo,https://w3id.org/vhbieo/,canonical
w3id,vhmml,https://w3id.org/vhmml/,canonical
w3id,vir,https://w3id.org/vir/,canonical
w3id,visualsense,https://w3id.org/visualsense/,canonical
w3id,vocab,https://w3id.org/vocab/,canonical
w3id,vocabulary,https://w3id.org/vocabulary/,canonical
w3id,voic,https://w3id.org/voic/,canonical
w3id,voldemortkg,https://w3id.org/voldemortkg/,canonical
w3id,vpa,https://w3id.org/vpa/,canonical
w3id,VRTI,https://w3id.org/VRTI/,canonical
w3id,vsat,https://w3id.org/vsat/,canonical
w3id,vsm,https://w3id.org/vsm/,canonical
w3id,vvi,https://w3id.org/vvi/,canonical
w3id,vvr,https://w3id.org/vvr/,canonical
w3id,vvt,https://w3id.org/vvt/,canonical
w3id,w2share,https://w3id.org/w2share/,canonical
w3id,w4ra,https://w3id.org/w4ra/,canonical
w3id,wallet,https://w3id.org/wallet/,canonical
w3id,waterSmart,https://w3id.org/waterSmart/,canonical
w3id,wd_quality,https://w3id.org/wd_quality/,canonical
w3id,wdaqua,https://w3id.org/wdaqua/,canonical
w3id,wdio,https://w3id.org/wdio/,canonical
w3id,Wear4PDmove,https://w3id.org/Wear4PDmove/,canonical
w3id,web-keys,https://w3id.org/web-keys/,canonical
w3id,webid,https://w3id.org/webid/,canonical
w3id,webkms,https://w3id.org/webkms/,canonical
w3id,webledger,https://w3id.org/webledger/,canonical
w3id,webpayments,https://w3id.org/webpayments/,canonical
w3id,webstreams,https://w3id.org/webstreams/,canonical
w3id,webvowl,https://w3id.org/webvowl/,canonical
w3id,wellfort,https://w3id.org/wellfort/,canonical
w3id,wesp,https://w3id.org/wesp/,canonical
w3id,wfont,https://w3id.org/wfont/,canonical
w3id,where-is-my-uri,https://w3id.org/where-is-my-uri/,canonical
w3id,whow,https://w3id.org/whow/,canonical
w3id,widoco,https://w3id.org/widoco/,canonical
w3id,wikidated,https://w3id.org/wikidated/,canonical
w3id,wikimind,https://w3id.org/wikimind/,canonical
w3id,wimuq,https://w3id.org/wimuq/,canonical
w3id,wine,https://w3id.org/wine/,canonical
w3id,wings,https://w3id.org/wings/,canonical
w3id,wm,https://w3id.org/wm/,canonical
w3id,wmo,https://w3id.org/wmo/,canonical
w3id,woleet,https://w3id.org/woleet/,canonical
w3id,won,https://w3id.org/won/,canonical
w3id,workflowhub,https://w3id.org/workflowhub/,canonical
w3id,wrfy,https://w3id.org/wrfy/,canonical
w3id,wsp,https://w3id.org/wsp/,canonical
w3id,xapi,https://w3id.org/xapi/,canonical
w3id,xd,https://w3id.org/xd/,canonical
w3id,xfsc,https://w3id.org/xfsc/,canonical
w3id,xmal,https://w3id.org/xmal/,canonical
w3id,yago,https://w3id.org/yago/,canonical
w3id,yang,https://w3id.org/yang/,canonical
w3id,yarrrml,https://w3id.org/yarrrml/,canonical
w3id,ylu,https://w3id.org/ylu/,canonical
w3id,yxl,https://w3id.org/yxl/,canonical
w3id,zbmed-semtec,https://w3id.org/zbmed-semtec/,canonical
w3id,zcap,https://w3id.org/zcap/,canonical
w3id,zdb,https://w3id.org/zdb/,canonical
w3id,zeri,https://w3id.org/zeri/,canonical
w3id,zericatalog,https://w3id.org/zericatalog/,canonical
w3id,zohar,https://w3id.org/zohar/,canonical
w3id,zoraActions,https://w3id.org/zoraActions/,canonical
w3id,zpid,https://w3id.org/zpid/,canonical
